--
-- File generated with SQLiteStudio v3.1.1 on Thu Jul 26 05:55:16 2018
--
-- Text encoding used: System
--
PRAGMA foreign_keys = off;
BEGIN TRANSACTION;

-- Table: attendee
CREATE TABLE attendee (
    attendee_id INTEGER REFERENCES user (user_id) NOT NULL,
    meeting_id  INTEGER REFERENCES meeting (meeting_id) NOT NULL,
    feedback_id INTEGER REFERENCES feedback (feedback_id) NOT NULL,
    response      TEXT
);
INSERT INTO attendee (attendee_id, meeting_id, feedback_id, response) VALUES (1, 1, 3, 'ACCEPT');
INSERT INTO attendee (attendee_id, meeting_id, feedback_id, response) VALUES (3, 1, 1, 'ACCEPT');
INSERT INTO attendee (attendee_id, meeting_id, feedback_id, response) VALUES (2, 1, 2, 'ACCEPT');
INSERT INTO attendee (attendee_id, meeting_id, feedback_id, response) VALUES (2, 7, 4, 'ACCEPT');
INSERT INTO attendee (attendee_id, meeting_id, feedback_id, response) VALUES (3, 7, 5, 'ACCEPT');
INSERT INTO attendee (attendee_id, meeting_id, feedback_id, response) VALUES (1, 7, 6, 'ACCEPT');
INSERT INTO attendee (attendee_id, meeting_id, feedback_id, response) VALUES (2, 8, 7, 'ACCEPT');
INSERT INTO attendee (attendee_id, meeting_id, feedback_id, response) VALUES (3, 8, 8, 'ACCEPT');
INSERT INTO attendee (attendee_id, meeting_id, feedback_id, response) VALUES (2, 8, 9, 'ACCEPT');
INSERT INTO attendee (attendee_id, meeting_id, feedback_id, response) VALUES (2, 9, 10, 'ACCEPT');
INSERT INTO attendee (attendee_id, meeting_id, feedback_id, response) VALUES (3, 9, 11, 'ACCEPT');
INSERT INTO attendee (attendee_id, meeting_id, feedback_id, response) VALUES (1, 9, 12, 'ACCEPT');
INSERT INTO attendee (attendee_id, meeting_id, feedback_id, response) VALUES (2, 10, 13, 'ACCEPT');
INSERT INTO attendee (attendee_id, meeting_id, feedback_id, response) VALUES (3, 10, 14, 'ACCEPT');
INSERT INTO attendee (attendee_id, meeting_id, feedback_id, response) VALUES (1, 10, 15, 'ACCEPT');
INSERT INTO attendee (attendee_id, meeting_id, feedback_id, response) VALUES (2, 11, 16, 'ACCEPT');
INSERT INTO attendee (attendee_id, meeting_id, feedback_id, response) VALUES (3, 11, 17, 'ACCEPT');
INSERT INTO attendee (attendee_id, meeting_id, feedback_id, response) VALUES (1, 11, 18, 'ACCEPT');
INSERT INTO attendee (attendee_id, meeting_id, feedback_id, response) VALUES (2, 12, 19, 'ACCEPT');
INSERT INTO attendee (attendee_id, meeting_id, feedback_id, response) VALUES (3, 12, 20, 'ACCEPT');
INSERT INTO attendee (attendee_id, meeting_id, feedback_id, response) VALUES (1, 12, 21, 'ACCEPT');
INSERT INTO attendee (attendee_id, meeting_id, feedback_id, response) VALUES (2, 13, 22, 'ACCEPT');
INSERT INTO attendee (attendee_id, meeting_id, feedback_id, response) VALUES (3, 13, 23, 'ACCEPT');
INSERT INTO attendee (attendee_id, meeting_id, feedback_id, response) VALUES (1, 13, 24, 'ACCEPT');
INSERT INTO attendee (attendee_id, meeting_id, feedback_id, response) VALUES (2, 14, 25, 'ACCEPT');
INSERT INTO attendee (attendee_id, meeting_id, feedback_id, response) VALUES (3, 14, 26, 'ACCEPT');
INSERT INTO attendee (attendee_id, meeting_id, feedback_id, response) VALUES (1, 14, 27, 'ACCEPT');
INSERT INTO attendee (attendee_id, meeting_id, feedback_id, response) VALUES (2, 15, 28, 'ACCEPT');
INSERT INTO attendee (attendee_id, meeting_id, feedback_id, response) VALUES (3, 15, 29, 'ACCEPT');
INSERT INTO attendee (attendee_id, meeting_id, feedback_id, response) VALUES (1, 15, 30, 'ACCEPT');
INSERT INTO attendee (attendee_id, meeting_id, feedback_id, response) VALUES (2, 16, 31, 'ACCEPT');
INSERT INTO attendee (attendee_id, meeting_id, feedback_id, response) VALUES (3, 16, 32, 'ACCEPT');
INSERT INTO attendee (attendee_id, meeting_id, feedback_id, response) VALUES (1, 16, 33, 'ACCEPT');
INSERT INTO attendee (attendee_id, meeting_id, feedback_id, response) VALUES (2, 17, 34, 'ACCEPT');
INSERT INTO attendee (attendee_id, meeting_id, feedback_id, response) VALUES (3, 17, 35, 'ACCEPT');
INSERT INTO attendee (attendee_id, meeting_id, feedback_id, response) VALUES (1, 17, 36, 'ACCEPT');
INSERT INTO attendee (attendee_id, meeting_id, feedback_id, response) VALUES (2, 18, 37, 'ACCEPT');
INSERT INTO attendee (attendee_id, meeting_id, feedback_id, response) VALUES (3, 18, 38, 'ACCEPT');
INSERT INTO attendee (attendee_id, meeting_id, feedback_id, response) VALUES (1, 18, 39, 'ACCEPT');
INSERT INTO attendee (attendee_id, meeting_id, feedback_id, response) VALUES (2, 19, 40, 'ACCEPT');
INSERT INTO attendee (attendee_id, meeting_id, feedback_id, response) VALUES (3, 19, 41, 'ACCEPT');
INSERT INTO attendee (attendee_id, meeting_id, feedback_id, response) VALUES (1, 19, 42, 'ACCEPT');
INSERT INTO attendee (attendee_id, meeting_id, feedback_id, response) VALUES (2, 20, 43, 'ACCEPT');
INSERT INTO attendee (attendee_id, meeting_id, feedback_id, response) VALUES (3, 20, 44, 'ACCEPT');
INSERT INTO attendee (attendee_id, meeting_id, feedback_id, response) VALUES (1, 20, 45, 'ACCEPT');
INSERT INTO attendee (attendee_id, meeting_id, feedback_id, response) VALUES (2, 21, 46, 'ACCEPT');
INSERT INTO attendee (attendee_id, meeting_id, feedback_id, response) VALUES (3, 21, 47, 'ACCEPT');
INSERT INTO attendee (attendee_id, meeting_id, feedback_id, response) VALUES (1, 21, 48, 'ACCEPT');
INSERT INTO attendee (attendee_id, meeting_id, feedback_id, response) VALUES (2, 22, 49, 'ACCEPT');
INSERT INTO attendee (attendee_id, meeting_id, feedback_id, response) VALUES (3, 22, 50, 'ACCEPT');
INSERT INTO attendee (attendee_id, meeting_id, feedback_id, response) VALUES (1, 22, 51, 'ACCEPT');
INSERT INTO attendee (attendee_id, meeting_id, feedback_id, response) VALUES (2, 23, 52, 'ACCEPT');
INSERT INTO attendee (attendee_id, meeting_id, feedback_id, response) VALUES (3, 23, 53, 'ACCEPT');
INSERT INTO attendee (attendee_id, meeting_id, feedback_id, response) VALUES (1, 23, 54, 'ACCEPT');
INSERT INTO attendee (attendee_id, meeting_id, feedback_id, response) VALUES (2, 24, 55, 'ACCEPT');
INSERT INTO attendee (attendee_id, meeting_id, feedback_id, response) VALUES (3, 24, 56, 'ACCEPT');
INSERT INTO attendee (attendee_id, meeting_id, feedback_id, response) VALUES (1, 24, 57, 'ACCEPT');
INSERT INTO attendee (attendee_id, meeting_id, feedback_id, response) VALUES (2, 25, 58, 'ACCEPT');
INSERT INTO attendee (attendee_id, meeting_id, feedback_id, response) VALUES (3, 25, 59, 'ACCEPT');
INSERT INTO attendee (attendee_id, meeting_id, feedback_id, response) VALUES (1, 25, 60, 'ACCEPT');
INSERT INTO attendee (attendee_id, meeting_id, feedback_id, response) VALUES (2, 26, 61, 'ACCEPT');
INSERT INTO attendee (attendee_id, meeting_id, feedback_id, response) VALUES (3, 26, 62, 'ACCEPT');
INSERT INTO attendee (attendee_id, meeting_id, feedback_id, response) VALUES (1, 26, 63, 'ACCEPT');
INSERT INTO attendee (attendee_id, meeting_id, feedback_id, response) VALUES (2, 27, 64, 'ACCEPT');
INSERT INTO attendee (attendee_id, meeting_id, feedback_id, response) VALUES (3, 27, 65, 'ACCEPT');
INSERT INTO attendee (attendee_id, meeting_id, feedback_id, response) VALUES (1, 27, 66, 'ACCEPT');
INSERT INTO attendee (attendee_id, meeting_id, feedback_id, response) VALUES (1, 28, 67, 'ACCEPT');
INSERT INTO attendee (attendee_id, meeting_id, feedback_id, response) VALUES (4, 28, 68, 'ACCEPT');
INSERT INTO attendee (attendee_id, meeting_id, feedback_id, response) VALUES (2, 28, 69, 'ACCEPT');
INSERT INTO attendee (attendee_id, meeting_id, feedback_id, response) VALUES (3, 28, 70, 'ACCEPT');
INSERT INTO attendee (attendee_id, meeting_id, feedback_id, response) VALUES (4, 29, 71, 'ACCEPT');
INSERT INTO attendee (attendee_id, meeting_id, feedback_id, response) VALUES (1, 29, 72, 'ACCEPT');
INSERT INTO attendee (attendee_id, meeting_id, feedback_id, response) VALUES (2, 29, 73, 'ACCEPT');
INSERT INTO attendee (attendee_id, meeting_id, feedback_id, response) VALUES (3, 29, 74, 'ACCEPT');
INSERT INTO attendee (attendee_id, meeting_id, feedback_id, response) VALUES (2, 30, 75, 'ACCEPT');
INSERT INTO attendee (attendee_id, meeting_id, feedback_id, response) VALUES (3, 30, 76, 'ACCEPT');
INSERT INTO attendee (attendee_id, meeting_id, feedback_id, response) VALUES (4, 30, 77, 'ACCEPT');
INSERT INTO attendee (attendee_id, meeting_id, feedback_id, response) VALUES (1, 30, 78, 'ACCEPT');
INSERT INTO attendee (attendee_id, meeting_id, feedback_id, response) VALUES (2, 31, 79, 'ACCEPT');
INSERT INTO attendee (attendee_id, meeting_id, feedback_id, response) VALUES (4, 31, 80, 'ACCEPT');
INSERT INTO attendee (attendee_id, meeting_id, feedback_id, response) VALUES (1, 31, 81, 'ACCEPT');
INSERT INTO attendee (attendee_id, meeting_id, feedback_id, response) VALUES (2, 32, 82, 'ACCEPT');
INSERT INTO attendee (attendee_id, meeting_id, feedback_id, response) VALUES (4, 32, 83, 'ACCEPT');
INSERT INTO attendee (attendee_id, meeting_id, feedback_id, response) VALUES (1, 32, 84, 'ACCEPT');
INSERT INTO attendee (attendee_id, meeting_id, feedback_id, response) VALUES (2, 33, 85, 'ACCEPT');
INSERT INTO attendee (attendee_id, meeting_id, feedback_id, response) VALUES (4, 33, 86, 'ACCEPT');
INSERT INTO attendee (attendee_id, meeting_id, feedback_id, response) VALUES (1, 34, 87, 'ACCEPT');
INSERT INTO attendee (attendee_id, meeting_id, feedback_id, response) VALUES (4, 34, 88, 'ACCEPT');
INSERT INTO attendee (attendee_id, meeting_id, feedback_id, response) VALUES (2, 34, 89, 'ACCEPT');
INSERT INTO attendee (attendee_id, meeting_id, feedback_id, response) VALUES (3, 35, 90, 'ACCEPT');
INSERT INTO attendee (attendee_id, meeting_id, feedback_id, response) VALUES (2, 35, 91, 'ACCEPT');
INSERT INTO attendee (attendee_id, meeting_id, feedback_id, response) VALUES (1, 35, 92, 'ACCEPT');
INSERT INTO attendee (attendee_id, meeting_id, feedback_id, response) VALUES (3, 35, 93, 'ACCEPT');
INSERT INTO attendee (attendee_id, meeting_id, feedback_id, response) VALUES (1, 36, 94, 'ACCEPT');
INSERT INTO attendee (attendee_id, meeting_id, feedback_id, response) VALUES (2, 36, 95, 'ACCEPT');
INSERT INTO attendee (attendee_id, meeting_id, feedback_id, response) VALUES (4, 36, 96, 'ACCEPT');
INSERT INTO attendee (attendee_id, meeting_id, feedback_id, response) VALUES (2, 36, 97, 'ACCEPT');
INSERT INTO attendee (attendee_id, meeting_id, feedback_id, response) VALUES (2, 37, 98, 'ACCEPT');
INSERT INTO attendee (attendee_id, meeting_id, feedback_id, response) VALUES (3, 37, 99, 'ACCEPT');
INSERT INTO attendee (attendee_id, meeting_id, feedback_id, response) VALUES (1, 37, 100, 'ACCEPT');
INSERT INTO attendee (attendee_id, meeting_id, feedback_id, response) VALUES (2, 38, 101, 'ACCEPT');
INSERT INTO attendee (attendee_id, meeting_id, feedback_id, response) VALUES (3, 38, 102, 'ACCEPT');
INSERT INTO attendee (attendee_id, meeting_id, feedback_id, response) VALUES (1, 38, 103, 'ACCEPT');
INSERT INTO attendee (attendee_id, meeting_id, feedback_id, response) VALUES (2, 39, 104, 'ACCEPT');
INSERT INTO attendee (attendee_id, meeting_id, feedback_id, response) VALUES (3, 39, 105, 'ACCEPT');
INSERT INTO attendee (attendee_id, meeting_id, feedback_id, response) VALUES (1, 39, 106, 'ACCEPT');
INSERT INTO attendee (attendee_id, meeting_id, feedback_id, response) VALUES (2, 40, 107, 'ACCEPT');
INSERT INTO attendee (attendee_id, meeting_id, feedback_id, response) VALUES (3, 40, 108, 'ACCEPT');
INSERT INTO attendee (attendee_id, meeting_id, feedback_id, response) VALUES (1, 40, 109, 'ACCEPT');
INSERT INTO attendee (attendee_id, meeting_id, feedback_id, response) VALUES (2, 41, 110, 'ACCEPT');
INSERT INTO attendee (attendee_id, meeting_id, feedback_id, response) VALUES (1, 41, 111, 'ACCEPT');
INSERT INTO attendee (attendee_id, meeting_id, feedback_id, response) VALUES (3, 41, 112, 'ACCEPT');
INSERT INTO attendee (attendee_id, meeting_id, feedback_id, response) VALUES (4, 41, 113, 'ACCEPT');
INSERT INTO attendee (attendee_id, meeting_id, feedback_id, response) VALUES (2, 42, 114, 'ACCEPT');
INSERT INTO attendee (attendee_id, meeting_id, feedback_id, response) VALUES (3, 42, 115, 'ACCEPT');
INSERT INTO attendee (attendee_id, meeting_id, feedback_id, response) VALUES (1, 43, 116, 'ACCEPT');
INSERT INTO attendee (attendee_id, meeting_id, feedback_id, response) VALUES (2, 43, 117, 'ACCEPT');
INSERT INTO attendee (attendee_id, meeting_id, feedback_id, response) VALUES (3, 43, 118, 'ACCEPT');
INSERT INTO attendee (attendee_id, meeting_id, feedback_id, response) VALUES (4, 43, 119, 'ACCEPT');
INSERT INTO attendee (attendee_id, meeting_id, feedback_id, response) VALUES (2, 44, 120, 'ACCEPT');
INSERT INTO attendee (attendee_id, meeting_id, feedback_id, response) VALUES (3, 44, 121, 'ACCEPT');
INSERT INTO attendee (attendee_id, meeting_id, feedback_id, response) VALUES (2, 45, 122, 'ACCEPT');
INSERT INTO attendee (attendee_id, meeting_id, feedback_id, response) VALUES (3, 45, 123, 'ACCEPT');
INSERT INTO attendee (attendee_id, meeting_id, feedback_id, response) VALUES (1, 46, 124, 'ACCEPT');
INSERT INTO attendee (attendee_id, meeting_id, feedback_id, response) VALUES (2, 47, 125, 'ACCEPT');
INSERT INTO attendee (attendee_id, meeting_id, feedback_id, response) VALUES (3, 48, 126, 'ACCEPT');
INSERT INTO attendee (attendee_id, meeting_id, feedback_id, response) VALUES (1, 49, 127, 'ACCEPT');
INSERT INTO attendee (attendee_id, meeting_id, feedback_id, response) VALUES (2, 50, 128, 'ACCEPT');
INSERT INTO attendee (attendee_id, meeting_id, feedback_id, response) VALUES (3, 51, 129, 'ACCEPT');
INSERT INTO attendee (attendee_id, meeting_id, feedback_id, response) VALUES (1, 52, 130, 'ACCEPT');
INSERT INTO attendee (attendee_id, meeting_id, feedback_id, response) VALUES (2, 53, 131, 'ACCEPT');

-- Table: comment
CREATE TABLE comment (
    user_id INTEGER REFERENCES user (user_id) NOT NULL,
    comment TEXT
);
INSERT INTO comment (user_id, comment) VALUES (1, 'My Comments');
INSERT INTO comment (user_id, comment) VALUES (1, 'My Comments');
INSERT INTO comment (user_id, comment) VALUES (2, 'I have nothing to say');
INSERT INTO comment (user_id, comment) VALUES (2, 'I support this - Balaji');
INSERT INTO comment (user_id, comment) VALUES (2, 'Good App.');

-- Table: contact
CREATE TABLE contact (
    user_id    INTEGER REFERENCES user (user_id) NOT NULL,
    contact_id INTEGER REFERENCES user (user_id) NOT NULL
);
INSERT INTO contact (user_id, contact_id) VALUES (1, 22);
INSERT INTO contact (user_id, contact_id) VALUES (1, 33);
INSERT INTO contact (user_id, contact_id) VALUES (1, 5);
INSERT INTO contact (user_id, contact_id) VALUES (6, 6);
INSERT INTO contact (user_id, contact_id) VALUES (1, 7);
INSERT INTO contact (user_id, contact_id) VALUES (1, 7);
INSERT INTO contact (user_id, contact_id) VALUES (1, 7);
INSERT INTO contact (user_id, contact_id) VALUES (1, 7);
INSERT INTO contact (user_id, contact_id) VALUES (1, 8);
INSERT INTO contact (user_id, contact_id) VALUES (9, 10);
INSERT INTO contact (user_id, contact_id) VALUES (1, 2);
INSERT INTO contact (user_id, contact_id) VALUES (1, 3);
INSERT INTO contact (user_id, contact_id) VALUES (1, 5);
INSERT INTO contact (user_id, contact_id) VALUES (1, 6);
INSERT INTO contact (user_id, contact_id) VALUES (1, 7);
INSERT INTO contact (user_id, contact_id) VALUES (1, 8);
INSERT INTO contact (user_id, contact_id) VALUES (1, 9);
INSERT INTO contact (user_id, contact_id) VALUES (1, 10);
INSERT INTO contact (user_id, contact_id) VALUES (1, 11);
INSERT INTO contact (user_id, contact_id) VALUES (2, 22);
INSERT INTO contact (user_id, contact_id) VALUES (2, 23);
INSERT INTO contact (user_id, contact_id) VALUES (2, 24);
INSERT INTO contact (user_id, contact_id) VALUES (2, 25);
INSERT INTO contact (user_id, contact_id) VALUES (2, 26);
INSERT INTO contact (user_id, contact_id) VALUES (2, 27);
INSERT INTO contact (user_id, contact_id) VALUES (2, 28);
INSERT INTO contact (user_id, contact_id) VALUES (2, 29);
INSERT INTO contact (user_id, contact_id) VALUES (2, 30);
INSERT INTO contact (user_id, contact_id) VALUES (3, 11);
INSERT INTO contact (user_id, contact_id) VALUES (3, 14);
INSERT INTO contact (user_id, contact_id) VALUES (3, 15);
INSERT INTO contact (user_id, contact_id) VALUES (3, 16);
INSERT INTO contact (user_id, contact_id) VALUES (3, 17);
INSERT INTO contact (user_id, contact_id) VALUES (3, 18);
INSERT INTO contact (user_id, contact_id) VALUES (3, 19);
INSERT INTO contact (user_id, contact_id) VALUES (3, 20);
INSERT INTO contact (user_id, contact_id) VALUES (4, 1);
INSERT INTO contact (user_id, contact_id) VALUES (4, 2);
INSERT INTO contact (user_id, contact_id) VALUES (4, 3);
INSERT INTO contact (user_id, contact_id) VALUES (4, 4);
INSERT INTO contact (user_id, contact_id) VALUES (4, 5);
INSERT INTO contact (user_id, contact_id) VALUES (4, 16);
INSERT INTO contact (user_id, contact_id) VALUES (4, 17);
INSERT INTO contact (user_id, contact_id) VALUES (4, 18);
INSERT INTO contact (user_id, contact_id) VALUES (4, 19);
INSERT INTO contact (user_id, contact_id) VALUES (4, 20);
INSERT INTO contact (user_id, contact_id) VALUES (10, 5);
INSERT INTO contact (user_id, contact_id) VALUES (11, 16);
INSERT INTO contact (user_id, contact_id) VALUES (22, 19);
INSERT INTO contact (user_id, contact_id) VALUES (23, 20);
INSERT INTO contact (user_id, contact_id) VALUES (24, 11);
INSERT INTO contact (user_id, contact_id) VALUES (27, 22);
INSERT INTO contact (user_id, contact_id) VALUES (28, 23);
INSERT INTO contact (user_id, contact_id) VALUES (29, 24);
INSERT INTO contact (user_id, contact_id) VALUES (30, 25);
INSERT INTO contact (user_id, contact_id) VALUES (11, 26);
INSERT INTO contact (user_id, contact_id) VALUES (14, 29);
INSERT INTO contact (user_id, contact_id) VALUES (15, 30);
INSERT INTO contact (user_id, contact_id) VALUES (16, 11);
INSERT INTO contact (user_id, contact_id) VALUES (19, 14);
INSERT INTO contact (user_id, contact_id) VALUES (20, 15);
INSERT INTO contact (user_id, contact_id) VALUES (1, 16);
INSERT INTO contact (user_id, contact_id) VALUES (2, 17);
INSERT INTO contact (user_id, contact_id) VALUES (3, 18);
INSERT INTO contact (user_id, contact_id) VALUES (4, 21);
INSERT INTO contact (user_id, contact_id) VALUES (5, 22);
INSERT INTO contact (user_id, contact_id) VALUES (16, 23);
INSERT INTO contact (user_id, contact_id) VALUES (17, 24);
INSERT INTO contact (user_id, contact_id) VALUES (18, 25);
INSERT INTO contact (user_id, contact_id) VALUES (19, 26);
INSERT INTO contact (user_id, contact_id) VALUES (20, 27);

-- Table: feedback
CREATE TABLE feedback (feedback_id INTEGER PRIMARY KEY AUTOINCREMENT NOT NULL, meeting_id INTEGER, attendee_id INTEGER, star_rating INTEGER, response TEXT, note TEXT);
INSERT INTO feedback (feedback_id, meeting_id, attendee_id, star_rating, response, note) VALUES (1, 1, 2, 5, 'GIVEN', 'Response note');
INSERT INTO feedback (feedback_id, meeting_id, attendee_id, star_rating, response, note) VALUES (2, 1, 3, 5, 'GIVEN', 'ewtew');
INSERT INTO feedback (feedback_id, meeting_id, attendee_id, star_rating, response, note) VALUES (3, 1, 1, 5, 'GIVEN', 'ewtew');
INSERT INTO feedback (feedback_id, meeting_id, attendee_id, star_rating, response, note) VALUES (4, 7, 2, NULL, 'DECLINED', NULL);
INSERT INTO feedback (feedback_id, meeting_id, attendee_id, star_rating, response, note) VALUES (5, 7, 3, NULL, 'NOT_GIVEN', NULL);
INSERT INTO feedback (feedback_id, meeting_id, attendee_id, star_rating, response, note) VALUES (6, 7, 1, NULL, 'NOT_GIVEN', NULL);
INSERT INTO feedback (feedback_id, meeting_id, attendee_id, star_rating, response, note) VALUES (7, 8, 2, NULL, 'NOT_GIVEN', NULL);
INSERT INTO feedback (feedback_id, meeting_id, attendee_id, star_rating, response, note) VALUES (8, 8, 3, NULL, 'NOT_GIVEN', NULL);
INSERT INTO feedback (feedback_id, meeting_id, attendee_id, star_rating, response, note) VALUES (9, 8, 2, NULL, 'NOT_GIVEN', NULL);
INSERT INTO feedback (feedback_id, meeting_id, attendee_id, star_rating, response, note) VALUES (10, 9, 2, NULL, 'NOT_GIVEN', NULL);
INSERT INTO feedback (feedback_id, meeting_id, attendee_id, star_rating, response, note) VALUES (11, 9, 3, NULL, 'NOT_GIVEN', NULL);
INSERT INTO feedback (feedback_id, meeting_id, attendee_id, star_rating, response, note) VALUES (12, 9, 1, NULL, 'DECLINED', NULL);
INSERT INTO feedback (feedback_id, meeting_id, attendee_id, star_rating, response, note) VALUES (13, 10, 2, NULL, 'NOT_GIVEN', NULL);
INSERT INTO feedback (feedback_id, meeting_id, attendee_id, star_rating, response, note) VALUES (14, 10, 3, NULL, 'NOT_GIVEN', NULL);
INSERT INTO feedback (feedback_id, meeting_id, attendee_id, star_rating, response, note) VALUES (15, 10, 1, NULL, 'NOT_GIVEN', NULL);
INSERT INTO feedback (feedback_id, meeting_id, attendee_id, star_rating, response, note) VALUES (16, 11, 2, NULL, 'NOT_GIVEN', NULL);
INSERT INTO feedback (feedback_id, meeting_id, attendee_id, star_rating, response, note) VALUES (17, 11, 3, NULL, 'NOT_GIVEN', NULL);
INSERT INTO feedback (feedback_id, meeting_id, attendee_id, star_rating, response, note) VALUES (18, 11, 1, NULL, 'NOT_GIVEN', NULL);
INSERT INTO feedback (feedback_id, meeting_id, attendee_id, star_rating, response, note) VALUES (19, 12, 2, NULL, 'NOT_GIVEN', NULL);
INSERT INTO feedback (feedback_id, meeting_id, attendee_id, star_rating, response, note) VALUES (20, 12, 3, NULL, 'NOT_GIVEN', NULL);
INSERT INTO feedback (feedback_id, meeting_id, attendee_id, star_rating, response, note) VALUES (21, 12, 1, NULL, 'NOT_GIVEN', NULL);
INSERT INTO feedback (feedback_id, meeting_id, attendee_id, star_rating, response, note) VALUES (22, 13, 2, NULL, 'NOT_GIVEN', NULL);
INSERT INTO feedback (feedback_id, meeting_id, attendee_id, star_rating, response, note) VALUES (23, 13, 3, NULL, 'NOT_GIVEN', NULL);
INSERT INTO feedback (feedback_id, meeting_id, attendee_id, star_rating, response, note) VALUES (24, 13, 1, NULL, 'NOT_GIVEN', NULL);
INSERT INTO feedback (feedback_id, meeting_id, attendee_id, star_rating, response, note) VALUES (25, 14, 2, NULL, 'NOT_GIVEN', NULL);
INSERT INTO feedback (feedback_id, meeting_id, attendee_id, star_rating, response, note) VALUES (26, 14, 3, NULL, 'NOT_GIVEN', NULL);
INSERT INTO feedback (feedback_id, meeting_id, attendee_id, star_rating, response, note) VALUES (27, 14, 1, NULL, 'NOT_GIVEN', NULL);
INSERT INTO feedback (feedback_id, meeting_id, attendee_id, star_rating, response, note) VALUES (28, 15, 2, NULL, 'NOT_GIVEN', NULL);
INSERT INTO feedback (feedback_id, meeting_id, attendee_id, star_rating, response, note) VALUES (29, 15, 3, NULL, 'NOT_GIVEN', NULL);
INSERT INTO feedback (feedback_id, meeting_id, attendee_id, star_rating, response, note) VALUES (30, 15, 1, NULL, 'NOT_GIVEN', NULL);
INSERT INTO feedback (feedback_id, meeting_id, attendee_id, star_rating, response, note) VALUES (31, 16, 2, NULL, 'NOT_GIVEN', NULL);
INSERT INTO feedback (feedback_id, meeting_id, attendee_id, star_rating, response, note) VALUES (32, 16, 3, NULL, 'NOT_GIVEN', NULL);
INSERT INTO feedback (feedback_id, meeting_id, attendee_id, star_rating, response, note) VALUES (33, 16, 1, NULL, 'NOT_GIVEN', NULL);
INSERT INTO feedback (feedback_id, meeting_id, attendee_id, star_rating, response, note) VALUES (34, 17, 2, NULL, 'NOT_GIVEN', NULL);
INSERT INTO feedback (feedback_id, meeting_id, attendee_id, star_rating, response, note) VALUES (35, 17, 3, NULL, 'NOT_GIVEN', NULL);
INSERT INTO feedback (feedback_id, meeting_id, attendee_id, star_rating, response, note) VALUES (36, 17, 1, NULL, 'NOT_GIVEN', NULL);
INSERT INTO feedback (feedback_id, meeting_id, attendee_id, star_rating, response, note) VALUES (37, 18, 2, NULL, 'NOT_GIVEN', NULL);
INSERT INTO feedback (feedback_id, meeting_id, attendee_id, star_rating, response, note) VALUES (38, 18, 3, NULL, 'NOT_GIVEN', NULL);
INSERT INTO feedback (feedback_id, meeting_id, attendee_id, star_rating, response, note) VALUES (39, 18, 1, NULL, 'NOT_GIVEN', NULL);
INSERT INTO feedback (feedback_id, meeting_id, attendee_id, star_rating, response, note) VALUES (40, 19, 2, NULL, 'NOT_GIVEN', NULL);
INSERT INTO feedback (feedback_id, meeting_id, attendee_id, star_rating, response, note) VALUES (41, 19, 3, NULL, 'NOT_GIVEN', NULL);
INSERT INTO feedback (feedback_id, meeting_id, attendee_id, star_rating, response, note) VALUES (42, 19, 1, NULL, 'NOT_GIVEN', NULL);
INSERT INTO feedback (feedback_id, meeting_id, attendee_id, star_rating, response, note) VALUES (43, 20, 2, NULL, 'NOT_GIVEN', NULL);
INSERT INTO feedback (feedback_id, meeting_id, attendee_id, star_rating, response, note) VALUES (44, 20, 3, NULL, 'NOT_GIVEN', NULL);
INSERT INTO feedback (feedback_id, meeting_id, attendee_id, star_rating, response, note) VALUES (45, 20, 1, NULL, 'NOT_GIVEN', NULL);
INSERT INTO feedback (feedback_id, meeting_id, attendee_id, star_rating, response, note) VALUES (46, 21, 2, NULL, 'NOT_GIVEN', NULL);
INSERT INTO feedback (feedback_id, meeting_id, attendee_id, star_rating, response, note) VALUES (47, 21, 3, NULL, 'NOT_GIVEN', NULL);
INSERT INTO feedback (feedback_id, meeting_id, attendee_id, star_rating, response, note) VALUES (48, 21, 1, NULL, 'NOT_GIVEN', NULL);
INSERT INTO feedback (feedback_id, meeting_id, attendee_id, star_rating, response, note) VALUES (49, 22, 2, NULL, 'NOT_GIVEN', NULL);
INSERT INTO feedback (feedback_id, meeting_id, attendee_id, star_rating, response, note) VALUES (50, 22, 3, NULL, 'NOT_GIVEN', NULL);
INSERT INTO feedback (feedback_id, meeting_id, attendee_id, star_rating, response, note) VALUES (51, 22, 1, NULL, 'NOT_GIVEN', NULL);
INSERT INTO feedback (feedback_id, meeting_id, attendee_id, star_rating, response, note) VALUES (52, 23, 2, NULL, 'NOT_GIVEN', NULL);
INSERT INTO feedback (feedback_id, meeting_id, attendee_id, star_rating, response, note) VALUES (53, 23, 3, NULL, 'NOT_GIVEN', NULL);
INSERT INTO feedback (feedback_id, meeting_id, attendee_id, star_rating, response, note) VALUES (54, 23, 1, NULL, 'NOT_GIVEN', NULL);
INSERT INTO feedback (feedback_id, meeting_id, attendee_id, star_rating, response, note) VALUES (55, 24, 2, NULL, 'NOT_GIVEN', NULL);
INSERT INTO feedback (feedback_id, meeting_id, attendee_id, star_rating, response, note) VALUES (56, 24, 3, NULL, 'NOT_GIVEN', NULL);
INSERT INTO feedback (feedback_id, meeting_id, attendee_id, star_rating, response, note) VALUES (57, 24, 1, NULL, 'NOT_GIVEN', NULL);
INSERT INTO feedback (feedback_id, meeting_id, attendee_id, star_rating, response, note) VALUES (58, 25, 2, NULL, 'NOT_GIVEN', NULL);
INSERT INTO feedback (feedback_id, meeting_id, attendee_id, star_rating, response, note) VALUES (59, 25, 3, NULL, 'NOT_GIVEN', NULL);
INSERT INTO feedback (feedback_id, meeting_id, attendee_id, star_rating, response, note) VALUES (60, 25, 1, NULL, 'NOT_GIVEN', NULL);
INSERT INTO feedback (feedback_id, meeting_id, attendee_id, star_rating, response, note) VALUES (61, 26, 2, NULL, 'NOT_GIVEN', NULL);
INSERT INTO feedback (feedback_id, meeting_id, attendee_id, star_rating, response, note) VALUES (62, 26, 3, NULL, 'NOT_GIVEN', NULL);
INSERT INTO feedback (feedback_id, meeting_id, attendee_id, star_rating, response, note) VALUES (63, 26, 1, NULL, 'NOT_GIVEN', NULL);
INSERT INTO feedback (feedback_id, meeting_id, attendee_id, star_rating, response, note) VALUES (64, 27, 2, NULL, 'NOT_GIVEN', NULL);
INSERT INTO feedback (feedback_id, meeting_id, attendee_id, star_rating, response, note) VALUES (65, 27, 3, NULL, 'NOT_GIVEN', NULL);
INSERT INTO feedback (feedback_id, meeting_id, attendee_id, star_rating, response, note) VALUES (66, 27, 1, NULL, 'NOT_GIVEN', NULL);
INSERT INTO feedback (feedback_id, meeting_id, attendee_id, star_rating, response, note) VALUES (67, 28, 1, '', 'DECLINED', '');
INSERT INTO feedback (feedback_id, meeting_id, attendee_id, star_rating, response, note) VALUES (68, 28, 4, '', 'NOT_GIVEN', '');
INSERT INTO feedback (feedback_id, meeting_id, attendee_id, star_rating, response, note) VALUES (69, 28, 2, 1, 'GIVEN', '');
INSERT INTO feedback (feedback_id, meeting_id, attendee_id, star_rating, response, note) VALUES (70, 28, 3, 1, 'GIVEN', '');
INSERT INTO feedback (feedback_id, meeting_id, attendee_id, star_rating, response, note) VALUES (71, 29, 4, 4, 'GIVEN', '');
INSERT INTO feedback (feedback_id, meeting_id, attendee_id, star_rating, response, note) VALUES (72, 29, 1, 2, 'GIVEN', '');
INSERT INTO feedback (feedback_id, meeting_id, attendee_id, star_rating, response, note) VALUES (73, 29, 2, 3, 'GIVEN', '');
INSERT INTO feedback (feedback_id, meeting_id, attendee_id, star_rating, response, note) VALUES (74, 29, 3, 4, 'GIVEN', 'Good');
INSERT INTO feedback (feedback_id, meeting_id, attendee_id, star_rating, response, note) VALUES (75, 30, 2, '', 'NOT_GIVEN', '');
INSERT INTO feedback (feedback_id, meeting_id, attendee_id, star_rating, response, note) VALUES (76, 30, 3, '', 'DECLINED', '');
INSERT INTO feedback (feedback_id, meeting_id, attendee_id, star_rating, response, note) VALUES (77, 30, 4, '', 'NOT_GIVEN', '');
INSERT INTO feedback (feedback_id, meeting_id, attendee_id, star_rating, response, note) VALUES (78, 30, 1, 5, 'GIVEN', 'Good meeting');
INSERT INTO feedback (feedback_id, meeting_id, attendee_id, star_rating, response, note) VALUES (79, 31, 2, 3, 'GIVEN', '');
INSERT INTO feedback (feedback_id, meeting_id, attendee_id, star_rating, response, note) VALUES (80, 31, 4, 4, 'GIVEN', '');
INSERT INTO feedback (feedback_id, meeting_id, attendee_id, star_rating, response, note) VALUES (81, 31, 1, '', 'NOT_GIVEN', '');
INSERT INTO feedback (feedback_id, meeting_id, attendee_id, star_rating, response, note) VALUES (82, 32, 2, '', 'NOT_GIVEN', '');
INSERT INTO feedback (feedback_id, meeting_id, attendee_id, star_rating, response, note) VALUES (83, 32, 4, 4, 'GIVEN', '');
INSERT INTO feedback (feedback_id, meeting_id, attendee_id, star_rating, response, note) VALUES (84, 32, 1, 1, 'GIVEN', 'Bad meeting');
INSERT INTO feedback (feedback_id, meeting_id, attendee_id, star_rating, response, note) VALUES (85, 33, 2, 2, 'GIVEN', '');
INSERT INTO feedback (feedback_id, meeting_id, attendee_id, star_rating, response, note) VALUES (86, 33, 4, 4, 'GIVEN', '');
INSERT INTO feedback (feedback_id, meeting_id, attendee_id, star_rating, response, note) VALUES (87, 34, 1, '', 'NOT_GIVEN', '');
INSERT INTO feedback (feedback_id, meeting_id, attendee_id, star_rating, response, note) VALUES (88, 34, 4, '', 'NOT_GIVEN', '');
INSERT INTO feedback (feedback_id, meeting_id, attendee_id, star_rating, response, note) VALUES (89, 34, 2, 4, 'GIVEN', '');
INSERT INTO feedback (feedback_id, meeting_id, attendee_id, star_rating, response, note) VALUES (90, 35, 3, 1, 'GIVEN', 'Bad meeting');
INSERT INTO feedback (feedback_id, meeting_id, attendee_id, star_rating, response, note) VALUES (91, 35, 2, 4, 'GIVEN', '');
INSERT INTO feedback (feedback_id, meeting_id, attendee_id, star_rating, response, note) VALUES (92, 35, 1, '', 'DECLINED', '');
INSERT INTO feedback (feedback_id, meeting_id, attendee_id, star_rating, response, note) VALUES (93, 35, 3, 3, 'GIVEN', '');
INSERT INTO feedback (feedback_id, meeting_id, attendee_id, star_rating, response, note) VALUES (94, 36, 1, 2, 'GIVEN', '');
INSERT INTO feedback (feedback_id, meeting_id, attendee_id, star_rating, response, note) VALUES (95, 36, 2, 1, 'GIVEN', '');
INSERT INTO feedback (feedback_id, meeting_id, attendee_id, star_rating, response, note) VALUES (96, 36, 4, 3, 'GIVEN', '');
INSERT INTO feedback (feedback_id, meeting_id, attendee_id, star_rating, response, note) VALUES (97, 36, 2, '', 'NOT_GIVEN', '');
INSERT INTO feedback (feedback_id, meeting_id, attendee_id, star_rating, response, note) VALUES (98, 37, 2, '', 'NOT_GIVEN', '');
INSERT INTO feedback (feedback_id, meeting_id, attendee_id, star_rating, response, note) VALUES (99, 37, 3, 4, 'GIVEN', '');
INSERT INTO feedback (feedback_id, meeting_id, attendee_id, star_rating, response, note) VALUES (100, 37, 1, 2, 'GIVEN', '');
INSERT INTO feedback (feedback_id, meeting_id, attendee_id, star_rating, response, note) VALUES (101, 38, 2, 2, 'GIVEN', '');
INSERT INTO feedback (feedback_id, meeting_id, attendee_id, star_rating, response, note) VALUES (102, 38, 3, 3, 'NOT_GIVEN', '');
INSERT INTO feedback (feedback_id, meeting_id, attendee_id, star_rating, response, note) VALUES (103, 38, 1, 1, 'NOT_GIVEN', '');
INSERT INTO feedback (feedback_id, meeting_id, attendee_id, star_rating, response, note) VALUES (104, 39, 2, 2, 'GIVEN', '');
INSERT INTO feedback (feedback_id, meeting_id, attendee_id, star_rating, response, note) VALUES (105, 39, 3, 3, 'GIVEN', '');
INSERT INTO feedback (feedback_id, meeting_id, attendee_id, star_rating, response, note) VALUES (106, 39, 1, '', 'NOT_GIVEN', '');
INSERT INTO feedback (feedback_id, meeting_id, attendee_id, star_rating, response, note) VALUES (107, 40, 2, '', 'NOT_GIVEN', '');
INSERT INTO feedback (feedback_id, meeting_id, attendee_id, star_rating, response, note) VALUES (108, 40, 3, 3, 'GIVEN', '');
INSERT INTO feedback (feedback_id, meeting_id, attendee_id, star_rating, response, note) VALUES (109, 40, 1, 1, 'GIVEN', '');
INSERT INTO feedback (feedback_id, meeting_id, attendee_id, star_rating, response, note) VALUES (110, 41, 2, 2, 'GIVEN', '');
INSERT INTO feedback (feedback_id, meeting_id, attendee_id, star_rating, response, note) VALUES (111, 41, 1, '', 'NOT_GIVEN', '');
INSERT INTO feedback (feedback_id, meeting_id, attendee_id, star_rating, response, note) VALUES (112, 41, 3, '', 'NOT_GIVEN', '');
INSERT INTO feedback (feedback_id, meeting_id, attendee_id, star_rating, response, note) VALUES (113, 41, 4, 2, 'GIVEN', '');
INSERT INTO feedback (feedback_id, meeting_id, attendee_id, star_rating, response, note) VALUES (114, 42, 2, 1, 'GIVEN', '');
INSERT INTO feedback (feedback_id, meeting_id, attendee_id, star_rating, response, note) VALUES (115, 42, 3, 3, 'GIVEN', '');
INSERT INTO feedback (feedback_id, meeting_id, attendee_id, star_rating, response, note) VALUES (116, 43, 1, '', 'DECLINED', '');
INSERT INTO feedback (feedback_id, meeting_id, attendee_id, star_rating, response, note) VALUES (117, 43, 2, 2, 'GIVEN', '');
INSERT INTO feedback (feedback_id, meeting_id, attendee_id, star_rating, response, note) VALUES (118, 43, 3, 3, 'GIVEN', '');
INSERT INTO feedback (feedback_id, meeting_id, attendee_id, star_rating, response, note) VALUES (119, 43, 4, '', 'NOT_GIVEN', '');
INSERT INTO feedback (feedback_id, meeting_id, attendee_id, star_rating, response, note) VALUES (120, 44, 2, '', 'NOT_GIVEN', '');
INSERT INTO feedback (feedback_id, meeting_id, attendee_id, star_rating, response, note) VALUES (121, 44, 3, 3, 'GIVEN', '');
INSERT INTO feedback (feedback_id, meeting_id, attendee_id, star_rating, response, note) VALUES (122, 45, 2, 4, 'GIVEN', '');
INSERT INTO feedback (feedback_id, meeting_id, attendee_id, star_rating, response, note) VALUES (123, 45, 3, 2, 'GIVEN', '');
INSERT INTO feedback (feedback_id, meeting_id, attendee_id, star_rating, response, note) VALUES (124, 46, 1, 3, 'GIVEN', '');
INSERT INTO feedback (feedback_id, meeting_id, attendee_id, star_rating, response, note) VALUES (125, 47, 2, 2, 'GIVEN', '');
INSERT INTO feedback (feedback_id, meeting_id, attendee_id, star_rating, response, note) VALUES (126, 48, 3, 3, 'GIVEN', '');
INSERT INTO feedback (feedback_id, meeting_id, attendee_id, star_rating, response, note) VALUES (127, 49, 1, 1, 'GIVEN', '');
INSERT INTO feedback (feedback_id, meeting_id, attendee_id, star_rating, response, note) VALUES (128, 50, 2, '', 'DECLINED', '');
INSERT INTO feedback (feedback_id, meeting_id, attendee_id, star_rating, response, note) VALUES (129, 51, 3, 3, 'GIVEN', '');
INSERT INTO feedback (feedback_id, meeting_id, attendee_id, star_rating, response, note) VALUES (130, 52, 1, 1, 'GIVEN', '');
INSERT INTO feedback (feedback_id, meeting_id, attendee_id, star_rating, response, note) VALUES (131, 53, 2, 2, 'GIVEN', '');
INSERT INTO feedback (feedback_id, meeting_id, attendee_id, star_rating, response, note) VALUES (132, 54, 3, 3, 'GIVEN', '');
INSERT INTO feedback (feedback_id, meeting_id, attendee_id, star_rating, response, note) VALUES (133, 55, 1, 1, 'GIVEN', '');
INSERT INTO feedback (feedback_id, meeting_id, attendee_id, star_rating, response, note) VALUES (134, 56, 2, 2, 'GIVEN', '');
INSERT INTO feedback (feedback_id, meeting_id, attendee_id, star_rating, response, note) VALUES (135, 57, 1, '', 'DECLINED', '');
INSERT INTO feedback (feedback_id, meeting_id, attendee_id, star_rating, response, note) VALUES (136, 58, 3, '', 'DECLINED', '');
INSERT INTO feedback (feedback_id, meeting_id, attendee_id, star_rating, response, note) VALUES (137, 59, 4, 2, 'GIVEN', '');
INSERT INTO feedback (feedback_id, meeting_id, attendee_id, star_rating, response, note) VALUES (138, 60, 2, 1, 'GIVEN', '');
INSERT INTO feedback (feedback_id, meeting_id, attendee_id, star_rating, response, note) VALUES (139, 61, 3, 3, 'GIVEN', '');
INSERT INTO feedback (feedback_id, meeting_id, attendee_id, star_rating, response, note) VALUES (140, 62, 1, 4, 'GIVEN', '');
INSERT INTO feedback (feedback_id, meeting_id, attendee_id, star_rating, response, note) VALUES (141, 63, 2, 2, 'GIVEN', '');
INSERT INTO feedback (feedback_id, meeting_id, attendee_id, star_rating, response, note) VALUES (142, 64, 3, 3, 'GIVEN', '');
INSERT INTO feedback (feedback_id, meeting_id, attendee_id, star_rating, response, note) VALUES (143, 65, 4, '', 'DECLINED', '');
INSERT INTO feedback (feedback_id, meeting_id, attendee_id, star_rating, response, note) VALUES (144, 66, 2, '', 'DECLINED', '');
INSERT INTO feedback (feedback_id, meeting_id, attendee_id, star_rating, response, note) VALUES (145, 67, 3, 3, 'GIVEN', '');
INSERT INTO feedback (feedback_id, meeting_id, attendee_id, star_rating, response, note) VALUES (146, 68, 4, 4, 'GIVEN', '');
INSERT INTO feedback (feedback_id, meeting_id, attendee_id, star_rating, response, note) VALUES (147, 69, 2, 2, 'GIVEN', '');
INSERT INTO feedback (feedback_id, meeting_id, attendee_id, star_rating, response, note) VALUES (148, 70, 3, 3, 'GIVEN', '');
INSERT INTO feedback (feedback_id, meeting_id, attendee_id, star_rating, response, note) VALUES (149, 71, 1, '', 'DECLINED', '');
INSERT INTO feedback (feedback_id, meeting_id, attendee_id, star_rating, response, note) VALUES (150, 72, 2, '', 'DECLINED', '');
INSERT INTO feedback (feedback_id, meeting_id, attendee_id, star_rating, response, note) VALUES (151, 73, 3, 3, 'GIVEN', '');
INSERT INTO feedback (feedback_id, meeting_id, attendee_id, star_rating, response, note) VALUES (152, 74, 4, 1, 'GIVEN', '');
INSERT INTO feedback (feedback_id, meeting_id, attendee_id, star_rating, response, note) VALUES (153, 75, 2, 2, 'GIVEN', '');
INSERT INTO feedback (feedback_id, meeting_id, attendee_id, star_rating, response, note) VALUES (154, 76, 3, 3, 'GIVEN', '');
INSERT INTO feedback (feedback_id, meeting_id, attendee_id, star_rating, response, note) VALUES (155, 77, 4, 4, 'GIVEN', '');
INSERT INTO feedback (feedback_id, meeting_id, attendee_id, star_rating, response, note) VALUES (156, 78, 2, 2, 'GIVEN', '');

-- Table: meeting
CREATE TABLE meeting (
    meeting_id   INTEGER PRIMARY KEY AUTOINCREMENT NOT NULL,
    organiser_id INTEGER REFERENCES user (user_id) NOT NULL,
    start_date   DATE,
    end_date     DATE,
    start_time   TIME,
    end_time     TIME,
    title        TEXT,
    venue        TEXT,
    notes        TEXT,
    category     TEXT,
    response       TEXT
);
INSERT INTO meeting (meeting_id, organiser_id, start_date, end_date, start_time, end_time, title, venue, notes, category, response) VALUES (1, 1, '2018-07-08', '2018-07-08', '10:00', '11:00', 'Sample meeting', 'Office', 'Sample notes', 'Business', 'ACTIVE');
INSERT INTO meeting (meeting_id, organiser_id, start_date, end_date, start_time, end_time, title, venue, notes, category, response) VALUES (2, 2, '2018-07-08', '2018-07-08', '10:00', '11:00', 'Sample meeting', 'Office', 'Sample notes', 'Business', 'DELETE');
INSERT INTO meeting (meeting_id, organiser_id, start_date, end_date, start_time, end_time, title, venue, notes, category, response) VALUES (3, 3, '2018-07-08', '2018-07-08', '10:00', '11:00', 'Sample meeting', 'Office', 'Sample notes', 'Business', 'DELETE');
INSERT INTO meeting (meeting_id, organiser_id, start_date, end_date, start_time, end_time, title, venue, notes, category, response) VALUES (4, 4, '2018-07-08', '2018-07-08', '10:00', '11:00', 'Sample meeting', 'Office', 'Sample notes', 'Business', 'DELETE');
INSERT INTO meeting (meeting_id, organiser_id, start_date, end_date, start_time, end_time, title, venue, notes, category, response) VALUES (5, 1, '2018-07-08', '2018-07-08', '10:00', '11:00', 'Sample meeting', 'Office', 'Sample notes', 'Business', 'ACTIVE');
INSERT INTO meeting (meeting_id, organiser_id, start_date, end_date, start_time, end_time, title, venue, notes, category, response) VALUES (6, 2, '2018-07-08', '2018-07-08', '10:00', '11:00', 'Sample meeting', 'Office', 'Sample notes', 'Business', 'ACTIVE');
INSERT INTO meeting (meeting_id, organiser_id, start_date, end_date, start_time, end_time, title, venue, notes, category, response) VALUES (7, 1, '2018-07-18', '2018-07-18', '09:59', '10:00', 'Sample meeting', 'Office', 'Sample notes', 'Business', 'ACTIVE');
INSERT INTO meeting (meeting_id, organiser_id, start_date, end_date, start_time, end_time, title, venue, notes, category, response) VALUES (8, 2, '2018-07-18', '2018-07-18', '09:59', '10:00', 'Sample meeting', 'Office', 'Sample notes', 'Business', 'ACTIVE');
INSERT INTO meeting (meeting_id, organiser_id, start_date, end_date, start_time, end_time, title, venue, notes, category, response) VALUES (9, 3, '2018-07-18', '2018-07-18', '10:00', '10:01', 'Sample meeting', 'Office', 'Sample notes', 'Business', 'ACTIVE');
INSERT INTO meeting (meeting_id, organiser_id, start_date, end_date, start_time, end_time, title, venue, notes, category, response) VALUES (10, 1, '2018-07-21', '2018-07-21', '13:00', '15:00', 'Sample meeting', 'Office', 'Sample notes', 'Business', 'ACTIVE');
INSERT INTO meeting (meeting_id, organiser_id, start_date, end_date, start_time, end_time, title, venue, notes, category, response) VALUES (11, 4, '2018-07-23', '2018-07-23', '10:00', '11:00', 'Sample meeting', 'Office', 'Sample notes', 'Business', 'ACTIVE');
INSERT INTO meeting (meeting_id, organiser_id, start_date, end_date, start_time, end_time, title, venue, notes, category, response) VALUES (12, 1, '2018-07-23', '2018-07-23', '11:00', '12:00', 'Sample meeting', 'Office', 'Sample notes', 'Business', 'ACTIVE');
INSERT INTO meeting (meeting_id, organiser_id, start_date, end_date, start_time, end_time, title, venue, notes, category, response) VALUES (13, 1, '2018-07-23', '2018-07-23', '13:00', '14:00', 'Sample meeting', 'Office', 'Sample notes', 'Business', 'ACTIVE');
INSERT INTO meeting (meeting_id, organiser_id, start_date, end_date, start_time, end_time, title, venue, notes, category, response) VALUES (14, 1, '2018-07-23', '2018-07-23', '14:00', '15:00', 'Sample meeting', 'Office', 'Sample notes', 'Business', 'ACTIVE');
INSERT INTO meeting (meeting_id, organiser_id, start_date, end_date, start_time, end_time, title, venue, notes, category, response) VALUES (15, 3, '2018-07-23', '2018-07-23', '15:00', '15:20', 'Sample meeting', 'Office', 'Sample notes', 'Business', 'ACTIVE');
INSERT INTO meeting (meeting_id, organiser_id, start_date, end_date, start_time, end_time, title, venue, notes, category, response) VALUES (16, 1, '2018-07-23', '2018-07-23', '15:00', '15:20', 'Sample meeting', 'Office', 'Sample notes', 'Business', 'ACTIVE');
INSERT INTO meeting (meeting_id, organiser_id, start_date, end_date, start_time, end_time, title, venue, notes, category, response) VALUES (17, 2, '2018-07-23', '2018-07-23', '15:02', '15:03', 'Sample meeting', 'Office', 'Sample notes', 'Business', 'ACTIVE');
INSERT INTO meeting (meeting_id, organiser_id, start_date, end_date, start_time, end_time, title, venue, notes, category, response) VALUES (18, 1, '2018-07-23', '2018-07-23', '15:03', '15:04', 'Sample meeting', 'Office', 'Sample notes', 'Business', 'ACTIVE');
INSERT INTO meeting (meeting_id, organiser_id, start_date, end_date, start_time, end_time, title, venue, notes, category, response) VALUES (19, 4, '2018-07-23', '2018-07-23', '15:04', '15:05', 'Sample meeting', 'Office', 'Sample notes', 'Business', 'ACTIVE');
INSERT INTO meeting (meeting_id, organiser_id, start_date, end_date, start_time, end_time, title, venue, notes, category, response) VALUES (20, 1, '2018-07-23', '2018-07-23', '15:05', '15:06', 'Sample meeting', 'Office', 'Sample notes', 'Business', 'ACTIVE');
INSERT INTO meeting (meeting_id, organiser_id, start_date, end_date, start_time, end_time, title, venue, notes, category, response) VALUES (21, 1, '2018-07-23', '2018-07-23', '15:06', '15:07', 'Sample meeting', 'Office', 'Sample notes', 'Business', 'ACTIVE');
INSERT INTO meeting (meeting_id, organiser_id, start_date, end_date, start_time, end_time, title, venue, notes, category, response) VALUES (22, 1, '2018-07-23', '2018-07-23', '15:07', '15:08', 'Sample meeting', 'Office', 'Sample notes', 'Business', 'ACTIVE');
INSERT INTO meeting (meeting_id, organiser_id, start_date, end_date, start_time, end_time, title, venue, notes, category, response) VALUES (23, 3, '2018-07-23', '2018-07-23', '15:08', '15:09', 'Sample meeting', 'Office', 'Sample notes', 'Business', 'ACTIVE');
INSERT INTO meeting (meeting_id, organiser_id, start_date, end_date, start_time, end_time, title, venue, notes, category, response) VALUES (24, 1, '2018-07-23', '2018-07-23', '15:09', '15:10', 'Sample meeting', 'Office', 'Sample notes', 'Business', 'ACTIVE');
INSERT INTO meeting (meeting_id, organiser_id, start_date, end_date, start_time, end_time, title, venue, notes, category, response) VALUES (25, 1, '2018-07-23', '2018-07-23', '15:10', '15:11', 'Sample meeting', 'Office', 'Sample notes', 'Business', 'ACTIVE');
INSERT INTO meeting (meeting_id, organiser_id, start_date, end_date, start_time, end_time, title, venue, notes, category, response) VALUES (26, 2, '2018-07-23', '2018-07-23', '15:11', '15:12', 'Sample meeting', 'Office', 'Sample notes', 'Business', 'ACTIVE');
INSERT INTO meeting (meeting_id, organiser_id, start_date, end_date, start_time, end_time, title, venue, notes, category, response) VALUES (27, 1, '2018-07-23', '2018-07-23', '15:13', '15:14', 'Sample meeting', 'Office', 'Sample notes', 'Business', 'ACTIVE');
INSERT INTO meeting (meeting_id, organiser_id, start_date, end_date, start_time, end_time, title, venue, notes, category, response) VALUES (28, 1, '2018-07-08', '2018-07-08', '10:00', '11:00', 'Sample meeting', 'Office', 'One X One', 'Business', 'DELETE');
INSERT INTO meeting (meeting_id, organiser_id, start_date, end_date, start_time, end_time, title, venue, notes, category, response) VALUES (29, 1, '2018-07-08', '2018-07-08', '11:00', '11:10', 'Quick meeting', 'Office', 'Sample notes', 'Business', 'DELETE');
INSERT INTO meeting (meeting_id, organiser_id, start_date, end_date, start_time, end_time, title, venue, notes, category, response) VALUES (30, 2, '2018-07-08', '2018-07-08', '10:00', '11:00', 'Sample meeting', 'Office', 'Sample notes', 'Business', 'DELETE');
INSERT INTO meeting (meeting_id, organiser_id, start_date, end_date, start_time, end_time, title, venue, notes, category, response) VALUES (31, 4, '2018-07-08', '2018-07-08', '10:00', '11:00', 'Sample meeting', 'Office', 'Sample notes', 'Business', 'DELETE');
INSERT INTO meeting (meeting_id, organiser_id, start_date, end_date, start_time, end_time, title, venue, notes, category, response) VALUES (32, 1, '2018-07-08', '2018-07-08', '10:00', '11:00', 'Proposal meeting', 'Park', 'MG Road', 'Personal', 'ACTIVE');
INSERT INTO meeting (meeting_id, organiser_id, start_date, end_date, start_time, end_time, title, venue, notes, category, response) VALUES (33, 2, '2018-07-08', '2018-07-08', '10:00', '11:00', 'Proposal meeting', 'Park', 'MG Road', 'Personal', 'ACTIVE');
INSERT INTO meeting (meeting_id, organiser_id, start_date, end_date, start_time, end_time, title, venue, notes, category, response) VALUES (34, 1, '2018-07-18', '2018-07-18', '08:50', '10:00', 'Sample meeting', 'Office', 'Sample notes. Writing a paragraph to see what is happening in the mobile view while lising the meetings. Please note this is a test and should not be considered real. Writing a paragraph to see what is happening in the mobile view while lising the meetings.', 'Business', 'ACTIVE');
INSERT INTO meeting (meeting_id, organiser_id, start_date, end_date, start_time, end_time, title, venue, notes, category, response) VALUES (35, 2, '2018-07-18', '2018-07-18', '08:50', '10:00', 'Sample meeting', 'Office', 'Sample notes. Writing a paragraph to see what is happening in the mobile view while lising the meetings. Please note this is a test and should not be considered real. Writing a paragraph to see what is happening in the mobile view while lising the meetings.', 'Business', 'ACTIVE');
INSERT INTO meeting (meeting_id, organiser_id, start_date, end_date, start_time, end_time, title, venue, notes, category, response) VALUES (36, 1, '2018-07-18', '2018-07-18', '10:00', '10:01', 'Sample meeting', 'Office', 'Sample notes. Writing a paragraph to see what is happening in the mobile view while lising the meetings. Please note this is a test and should not be considered real. Writing a paragraph to see what is happening in the mobile view while lising the meetings.', 'Business', 'ACTIVE');
INSERT INTO meeting (meeting_id, organiser_id, start_date, end_date, start_time, end_time, title, venue, notes, category, response) VALUES (37, 3, '2018-07-20', '2018-07-20', '08:50', '10:00', 'Proposal meeting', 'Park', 'MG Road', 'Personal', 'ACTIVE');
INSERT INTO meeting (meeting_id, organiser_id, start_date, end_date, start_time, end_time, title, venue, notes, category, response) VALUES (38, 3, '2018-07-20', '2018-07-20', '18:50', '20:00', 'Sample notes. Writing a paragraph to see what is happening in the mobile view while lising the meetings. Please note this is a test and should not be considered real. Writing a paragraph to see what is happening in the mobile view while lising the meetings.', 'Park', 'MG Road', 'Personal', 'ACTIVE');
INSERT INTO meeting (meeting_id, organiser_id, start_date, end_date, start_time, end_time, title, venue, notes, category, response) VALUES (39, 4, '2018-07-20', '2018-07-20', '11:00', '12:00', 'Proposal meeting', 'Park', 'MG Road', 'Personal', 'ACTIVE');
INSERT INTO meeting (meeting_id, organiser_id, start_date, end_date, start_time, end_time, title, venue, notes, category, response) VALUES (40, 2, '2018-07-20', '2018-07-20', '11:00', '12:00', 'Sample meeting', 'Park', 'MG Road', 'Personal', 'ACTIVE');
INSERT INTO meeting (meeting_id, organiser_id, start_date, end_date, start_time, end_time, title, venue, notes, category, response) VALUES (41, 4, '2018-07-21', '2018-07-21', '09:59', '12:00', 'Sample meeting', 'Office', 'One X One', 'Business', 'ACTIVE');
INSERT INTO meeting (meeting_id, organiser_id, start_date, end_date, start_time, end_time, title, venue, notes, category, response) VALUES (42, 1, '2018-07-21', '2018-07-21', '09:59', '12:00', 'Sample meeting', 'Office', 'One X One', 'Business', 'ACTIVE');
INSERT INTO meeting (meeting_id, organiser_id, start_date, end_date, start_time, end_time, title, venue, notes, category, response) VALUES (43, 3, '2018-07-22', '2018-07-22', '11:00', '12:00', 'Proposal meeting', 'Park', 'MG Road', 'Personal', 'ACTIVE');
INSERT INTO meeting (meeting_id, organiser_id, start_date, end_date, start_time, end_time, title, venue, notes, category, response) VALUES (44, 4, '2018-07-23', '2018-07-23', '13:00', '14:00', 'Sample notes. Writing a paragraph to see what is happening in the mobile view while lising the meetings. Please note this is a test and should not be considered real. Writing a paragraph to see what is happening in the mobile view while lising the meetings.', 'Park', 'MG Road', 'Personal', 'ACTIVE');
INSERT INTO meeting (meeting_id, organiser_id, start_date, end_date, start_time, end_time, title, venue, notes, category, response) VALUES (45, 4, '2018-07-24', '2018-07-24', '08:50', '09:50', 'Sample meeting', 'Office', 'Sample notes. Writing a paragraph to see what is happening in the mobile view while lising the meetings. Please note this is a test and should not be considered real. Writing a paragraph to see what is happening in the mobile view while lising the meetings.', 'Business', 'ACTIVE');
INSERT INTO meeting (meeting_id, organiser_id, start_date, end_date, start_time, end_time, title, venue, notes, category, response) VALUES (46, 2, '2018-07-25', '2018-07-25', '08:50', '09:50', 'Sample meeting', 'Office', 'Sample notes. Writing a paragraph to see what is happening in the mobile view while lising the meetings. Please note this is a test and should not be considered real. Writing a paragraph to see what is happening in the mobile view while lising the meetings.', 'Business', 'ACTIVE');
INSERT INTO meeting (meeting_id, organiser_id, start_date, end_date, start_time, end_time, title, venue, notes, category, response) VALUES (47, 3, '2018-07-26', '2018-07-26', '08:50', '09:50', 'Quick meeting. But this needs to be viewed correctly.', 'Office', 'Sample notes. Writing a paragraph to see what is happening in the mobile view while lising the meetings. Please note this is a test and should not be considered real. Writing a paragraph to see what is happening in the mobile view while lising the meetings.', 'Business', 'ACTIVE');
INSERT INTO meeting (meeting_id, organiser_id, start_date, end_date, start_time, end_time, title, venue, notes, category, response) VALUES (48, 5, '2018-07-27', '2018-07-27', '12:00', '01:00', 'Proposal meeting', 'Park', 'MG Road', 'Personal', 'ACTIVE');
INSERT INTO meeting (meeting_id, organiser_id, start_date, end_date, start_time, end_time, title, venue, notes, category, response) VALUES (49, 5, '2018-07-28', '2018-07-28', '12:00', '01:00', 'Proposal meeting', 'Park', 'MG Road', 'Personal', 'ACTIVE');
INSERT INTO meeting (meeting_id, organiser_id, start_date, end_date, start_time, end_time, title, venue, notes, category, response) VALUES (50, 5, '2018-07-20', '2018-07-20', '12:00', '01:00', 'Proposal meeting', 'Park', 'MG Road', 'Personal', 'ACTIVE');
INSERT INTO meeting (meeting_id, organiser_id, start_date, end_date, start_time, end_time, title, venue, notes, category, response) VALUES (51, 1, '2018-07-20', '2018-07-20', '11:00', '12:00', 'Sample meeting', 'Park', 'MG Road', 'Personal', 'ACTIVE');
INSERT INTO meeting (meeting_id, organiser_id, start_date, end_date, start_time, end_time, title, venue, notes, category, response) VALUES (52, 2, '2018-07-26', '2018-07-26', '08:50', '09:50', 'Sample meeting', 'Office', 'Sample notes. Writing a paragraph to see what is happening in the mobile view while lising the meetings. Please note this is a test and should not be considered real. Writing a paragraph to see what is happening in the mobile view while lising the meetings.', 'Business', 'ACTIVE');
INSERT INTO meeting (meeting_id, organiser_id, start_date, end_date, start_time, end_time, title, venue, notes, category, response) VALUES (53, 4, '2018-07-25', '2018-07-25', '08:50', '09:50', 'Quick meeting. But this needs to be viewed correctly.', 'Office', 'Sample notes. Writing a paragraph to see what is happening in the mobile view while lising the meetings. Please note this is a test and should not be considered real. Writing a paragraph to see what is happening in the mobile view while lising the meetings.', 'Business', 'ACTIVE');

-- Table: notification
CREATE TABLE notification (
    user_id       INTEGER REFERENCES user (user_id) NOT NULL,
    meeting_id  INTEGER REFERENCES meeting (meeting_id) NOT NULL,
    note          TEXT,
    notification_date DATE,
    notification_time TIME
);

-- Table: user
CREATE TABLE user (user_id INTEGER PRIMARY KEY AUTOINCREMENT NOT NULL, login_id TEXT NOT NULL, passwd TEXT, user_name TEXT NOT NULL, phone_no INTEGER, email TEXT);
INSERT INTO user (user_id, login_id, passwd, user_name, phone_no, email) VALUES (1, 'Lakshmy', 'Lakshmy', 'Lakshmy', 9988776655, 'lakshmynarayanan.al@gmail.com');
INSERT INTO user (user_id, login_id, passwd, user_name, phone_no, email) VALUES (2, 'tony', 'tony@123', 'Mr Tony', 2, 'tonyvalavi@gmail.com');
INSERT INTO user (user_id, login_id, passwd, user_name, phone_no, email) VALUES (3, 'Chandra', 'chandra@123', 'Mr Chandra', 3, 'chandrarao_ch@yahoo.com');
INSERT INTO user (user_id, login_id, passwd, user_name, phone_no, email) VALUES (4, 'Balaji', 'Bal@1969', 'Balaji Jayaraman', 9988776655, 'balaji.jayaraman@yahoo.com');
INSERT INTO user (user_id, login_id, passwd, user_name, phone_no, email) VALUES (5, 'Jayram', 'Jay@1969', 'Jay Raman', 9887766551, 'balaji.bja@gmail.com');
INSERT INTO user (user_id, login_id, passwd, user_name, phone_no, email) VALUES (6, 'Lakshmy', 'Lakshmy', 'Lakshmy', 9988776644, 'g1@h.com');
INSERT INTO user (user_id, login_id, passwd, user_name, phone_no, email) VALUES (7, 'g@h.com1234', 'password', 'Lakshmy1234', 998877665512434, 'g@h.com1234');
INSERT INTO user (user_id, login_id, passwd, user_name, phone_no, email) VALUES (8, 'divya27in@gmail.com', 'password', 'Divya Bhaskar', 1234567890, 'divya27in@gmail.com');
INSERT INTO user (user_id, login_id, passwd, user_name, phone_no, email) VALUES (9, 'Balaji.Dev', 'Bal@1969', 'Balaji', 9945678098, 'balaji@devapps.co.in');
INSERT INTO user (user_id, login_id, passwd, user_name, phone_no, email) VALUES (10, 'ucmasblr@gmail.com', 'password', 'Jay', 9945612345, 'ucmasblr@gmail.com');
INSERT INTO user (user_id, login_id, passwd, user_name, phone_no, email) VALUES (11, 'Jayram', 'Jay@1969', '16JAYRAM', 9000000000, 'balaji.jayram@gmail.com');
INSERT INTO user (user_id, login_id, passwd, user_name, phone_no, email) VALUES (13, 'John@john.com', 'password', 'John', 9000000013, 'John@john.com');
INSERT INTO user (user_id, login_id, passwd, user_name, phone_no, email) VALUES (14, 'harshad@harshad.com', 'password', 'Harshad', 9000000014, 'harshad@harshad.com');
INSERT INTO user (user_id, login_id, passwd, user_name, phone_no, email) VALUES (15, 'Ram', 'password', 'Ram', 9000000015, 'Ram@ram.com');
INSERT INTO user (user_id, login_id, passwd, user_name, phone_no, email) VALUES (16, 'Peter', 'password', 'Peter', 9000000016, 'Peter@peter.com');
INSERT INTO user (user_id, login_id, passwd, user_name, phone_no, email) VALUES (17, 'Balaji.Jay', 'password', 'Balaji.Jay', 9000000017, 'Balaji.Jay@god.com');
INSERT INTO user (user_id, login_id, passwd, user_name, phone_no, email) VALUES (18, 'Narayanan', 'password', 'Narayanan', 9000000018, 'Narayanan@god.com');
INSERT INTO user (user_id, login_id, passwd, user_name, phone_no, email) VALUES (19, 'mani', 'mani@123', 'Mani Kandan', 9000000019, 'mani@god.com');
INSERT INTO user (user_id, login_id, passwd, user_name, phone_no, email) VALUES (20, '16Always', 'password', 'Sweety', 9000000020, 'Sweety@sweety.com');
INSERT INTO user (user_id, login_id, passwd, user_name, phone_no, email) VALUES (21, 'tonyfriend01', 'password', 'tonyfriend01', 9000000021, 'tonyfriend01@tttco.com');
INSERT INTO user (user_id, login_id, passwd, user_name, phone_no, email) VALUES (22, 'tonyfriend02', 'password', 'tonyfriend02', 9000000022, 'tonyfriend02@tttco.com');
INSERT INTO user (user_id, login_id, passwd, user_name, phone_no, email) VALUES (23, 'tonyfriend03', 'password', 'tonyfriend03', 9000000023, 'tonyfriend03@tttco.com');
INSERT INTO user (user_id, login_id, passwd, user_name, phone_no, email) VALUES (24, 'tonyfriend04', 'password', 'tonyfriend04', 9000000024, 'tonyfriend04@tttco.com');
INSERT INTO user (user_id, login_id, passwd, user_name, phone_no, email) VALUES (25, 'tonyfriend05', 'password', 'tonyfriend05', 9000000025, 'tonyfriend05@tttco.com');
INSERT INTO user (user_id, login_id, passwd, user_name, phone_no, email) VALUES (26, 'tonyfriend06', 'password', 'tonyfriend06', 9000000026, 'tonyfriend06@tttco.com');
INSERT INTO user (user_id, login_id, passwd, user_name, phone_no, email) VALUES (27, 'tonyfriend07', 'password', 'tonyfriend07', 9000000027, 'tonyfriend07@tttco.com');
INSERT INTO user (user_id, login_id, passwd, user_name, phone_no, email) VALUES (28, 'tonyfriend08', 'password', 'tonyfriend08', 9000000028, 'tonyfriend08@tttco.com');
INSERT INTO user (user_id, login_id, passwd, user_name, phone_no, email) VALUES (29, 'tonyfriend09', 'password', 'tonyfriend09', 9000000029, 'tonyfriend09@tttco.com');
INSERT INTO user (user_id, login_id, passwd, user_name, phone_no, email) VALUES (30, 'tonyfriend10', 'password', 'tonyfriend10', 9000000030, 'tonyfriend10@tttco.com');
INSERT INTO user (user_id, login_id, passwd, user_name, phone_no, email) VALUES (31, 'allfriend01', 'password', 'allfriend01', 9000000031, 'allfriend01@allfriend.com');
INSERT INTO user (user_id, login_id, passwd, user_name, phone_no, email) VALUES (32, 'allfriend02', 'password', 'allfriend02', 9000000032, 'allfriend02@allfriend.com');
INSERT INTO user (user_id, login_id, passwd, user_name, phone_no, email) VALUES (33, 'allfriend03', 'password', 'allfriend03', 9000000033, 'allfriend03@allfriend.com');
INSERT INTO user (user_id, login_id, passwd, user_name, phone_no, email) VALUES (34, 'allfriend04', 'password', 'allfriend04', 9000000034, 'allfriend04@allfriend.com');
INSERT INTO user (user_id, login_id, passwd, user_name, phone_no, email) VALUES (35, 'allfriend05', 'password', 'allfriend05', 9000000035, 'allfriend05@allfriend.com');
INSERT INTO user (user_id, login_id, passwd, user_name, phone_no, email) VALUES (36, 'allfriend06', 'password', 'allfriend06', 9000000036, 'allfriend06@allfriend.com');
INSERT INTO user (user_id, login_id, passwd, user_name, phone_no, email) VALUES (37, 'allfriend07', 'password', 'allfriend07', 9000000037, 'allfriend07@allfriend.com');
INSERT INTO user (user_id, login_id, passwd, user_name, phone_no, email) VALUES (38, 'allfriend08', 'password', 'allfriend08', 9000000038, 'allfriend08@allfriend.com');
INSERT INTO user (user_id, login_id, passwd, user_name, phone_no, email) VALUES (39, 'allfriend09', 'password', 'allfriend09', 9000000039, 'allfriend09@allfriend.com');
INSERT INTO user (user_id, login_id, passwd, user_name, phone_no, email) VALUES (40, 'allfriend10', 'password', 'allfriend10', 9000000040, 'allfriend10@allfriend.com');

COMMIT TRANSACTION;
PRAGMA foreign_keys = on;
